"Date","Average_Temperature","Minimum_Temperature","Maximum_Temperature","Precipitation","Wind_Direction","Wind_Speed","Air_Pressure"
"2022-01-01",13.4,8.2,19.8,0,295,7.2,1021.6
"2022-01-02",12.7,7.6,19.3,0,304,6.7,1020
"2022-01-03",12.7,6.5,20.2,0,279,7.7,1018.3
"2022-01-04",14.7,7.5,21.4,0,262,5.4,1017.8
"2022-01-05",15.6,9.6,21.2,0,103,5.7,1016.7
"2022-01-06",15.7,13.7,18.6,10,95,8.6,1016.5
"2022-01-07",16.7,14,21.4,1.3,110,10.1,1017.3
"2022-01-08",16.7,14.6,20.5,9,118,11.9,1016.4
"2022-01-09",16.1,12.9,20.1,10.8,132,6,1014.6
"2022-01-10",15.8,13,19,1.3,256,6,1016.4
"2022-01-11",14.7,10.9,19.8,0,288,7.1,1016.9
"2022-01-12",14.3,10.4,18.8,0,294,7.9,1016.7
"2022-01-13",12.3,6.9,18.2,0,315,5.5,1017.6
"2022-01-14",11.7,6.6,18,0,317,6.6,1017.8
"2022-01-15",11.4,6.2,17.7,0,306,7.3,1018.8
"2022-01-16",11.2,5.7,16.6,0,291,6.1,1020.2
"2022-01-17",10.1,4.4,16.1,0,294,5.5,1021
"2022-01-18",10.5,6,17.6,0,283,7.8,1018.6
"2022-01-19",10.7,6,16.5,0,271,6.9,1016.1
"2022-01-20",12.3,6.7,18.6,0,112,5.5,1012.1
"2022-01-21",14,8.3,20.3,0,64,5.7,1012
"2022-01-22",14.8,11.4,19.8,2.8,108,14.2,1008.8
"2022-01-23",15.3,11.2,20.6,1.4,43,8.6,1009.1
"2022-01-24",13.8,9.8,18.2,0.1,304,7,1013.1
"2022-01-25",12.5,7.9,18.2,0,291,7.9,1014.3
"2022-01-26",11.6,7.2,16.8,0,289,9.2,1015.6
"2022-01-27",12.1,7,18.4,0,287,10.5,1016.5
"2022-01-28",12.5,7.7,18.5,0,274,11.9,1016.8
"2022-01-29",13.1,7.5,19.6,0,283,9,1016.8
"2022-01-30",14.5,9.5,22.2,0,273,11.2,1012.4
"2022-01-31",14.9,8.6,22.1,0,309,5.4,1011.9
"2022-02-01",16.1,9.1,23.5,0,282,8.7,1010.4
"2022-02-02",15.2,9.7,21,0,340,6.5,1011.8
"2022-02-03",16.1,11.7,23.3,14.4,109,17.4,1007.9
"2022-02-04",14,10.8,18.8,0.5,269,10.8,1009.8
"2022-02-05",12.2,6.9,18.5,0,307,8.1,1013.5
"2022-02-06",13.7,6.4,20,0,276,5,1016.4
"2022-02-07",15.1,6.6,21.6,0,166,3.6,1015.6
"2022-02-08",16.4,8.8,23.7,0,118,5,1013.4
"2022-02-09",16.3,12,23.4,0.2,67,9.8,1013.4
"2022-02-10",15,10.7,21,0,316,10,1016.4
"2022-02-11",15.1,10,21.2,0,280,13.4,1015.6
"2022-02-12",14.6,10,21.4,0,282,12,1014.8
"2022-02-13",14.3,7.6,22,0,307,7.6,1013.9
"2022-02-14",16,8.2,22.4,0,18,4.8,1013.9
"2022-02-15",16.3,9.6,23,0,349,6.2,1013.2
"2022-02-16",16.8,10,24.4,0,298,8.3,1011.1
"2022-02-17",17,10.5,25.5,0,289,9.1,1010.8
"2022-02-18",17.8,10.1,26.2,0,291,7.4,1011.9
"2022-02-19",18.2,11,25.9,0,299,8.3,1012.5
"2022-02-20",18.3,12.9,24.9,0,293,13.4,1008.4
"2022-02-21",17.2,10.6,25.1,0,271,10.2,1008.5
"2022-02-22",18.4,10.2,26.6,0,91,11.9,1012.2
"2022-02-23",20.7,15.5,27.3,0,96,11.9,1013.7
"2022-02-24",21,14.6,28.3,0,49,7.5,1014.5
"2022-02-25",20.1,14.1,27,0,14,7.6,1015.9
"2022-02-26",21.2,14.4,28.9,0,88,11.7,1015.8
"2022-02-27",20.7,15.5,26.8,0,23,11.9,1015.8
"2022-02-28",18.6,13.4,25,0,314,10.1,1015.7
"2022-03-01",18.2,11.5,25.8,0,301,6.9,1016.2
"2022-03-02",19.4,11.6,27.1,0,311,6.7,1015.9
"2022-03-03",21.1,13.5,28.3,0,327,4.5,1015
"2022-03-04",22,14.6,30.2,0,321,7.8,1013.8
"2022-03-05",20.4,15,27.4,0,297,11.7,1013.2
"2022-03-06",20.3,12.9,27.5,0,317,5.8,1013.4
"2022-03-07",20.9,14.6,28.7,0,16,6.1,1014.3
"2022-03-08",21.6,13.4,30.4,0,315,9.2,1013
"2022-03-09",23.3,15.5,32,0,304,9.9,1012
"2022-03-10",23.5,17.6,31.4,0,300,8.6,1011.8
"2022-03-11",23.3,17.3,30.9,0,300,11.1,1011.9
"2022-03-12",22.7,16.2,30.8,0,292,10.6,1010.9
"2022-03-13",23.4,15.8,32,0,278,8.8,1010.8
"2022-03-14",25,17.1,33.5,0,290,8,1009.8
"2022-03-15",25.5,17.7,33.9,0,310,8.2,1007.2
"2022-03-16",27.1,19.8,35.2,0,300,9.4,1004.8
"2022-03-17",27.8,20.4,34.8,0,32,5.3,1005.5
"2022-03-18",28.7,22.5,35.5,0,62,6.9,1006.7
"2022-03-19",29,22.2,36.1,0,6,6.9,1004.9
"2022-03-20",29.4,21.9,37,0,313,6.4,1003.9
"2022-03-21",28.8,20.8,37.7,0,277,10.4,1005.1
"2022-03-22",28.2,21.1,37.1,0,293,11.6,1006
"2022-03-23",27.5,20.2,35.9,0,295,9.7,1006.5
"2022-03-24",28.8,20.6,36.8,0,254,8.7,1005
"2022-03-25",28.3,21.3,37.2,0,305,10.6,1005.1
"2022-03-26",28.1,20,36.3,0,296,14.5,1007.5
"2022-03-27",29,21.8,37.6,0,280,13.5,1007.9
"2022-03-28",27.9,18.9,38.7,0,287,10.1,1006.7
"2022-03-29",29.1,20.8,39.3,0,299,10.4,1004.7
"2022-03-30",30.1,20.8,39.3,0,267,5.5,1004.9
"2022-03-31",30,22.2,39.3,0,200,9,1005.6
"2022-04-01",30.2,21.3,38.8,0,313,8.6,1005.1
"2022-04-02",29,20.8,38.2,0,327,8.4,1007.9
"2022-04-03",30.3,21.3,39.4,0,290,9.3,1007.2
"2022-04-04",30.4,20.3,40.3,0,286,11.8,1006.3
"2022-04-05",29.9,21,39.8,0,291,9.2,1009.1
"2022-04-06",30.6,21.1,40,0,284,9.4,1009.3
"2022-04-07",30.7,22.8,40.3,0,287,8.4,1008.5
"2022-04-08",31.5,22.2,41.2,0,292,9,1006
"2022-04-09",31.9,22.6,42.2,0,287,9.3,1004.2
"2022-04-10",32.3,23.8,41.4,0,324,9.7,1003.2
"2022-04-11",33.1,24.1,42.5,0,300,7.8,1002.6
"2022-04-12",32.7,22.9,41.8,0,64,6.5,1002.7
"2022-04-13",33,26.5,40.8,0,326,7,1002.4
"2022-04-14",32.6,24.6,40.9,0,295,13,1001.5
"2022-04-15",31.9,22.8,40.4,0,280,9.2,1001.9
"2022-04-16",32.2,23.2,41,0,299,10.5,1001.3
"2022-04-17",32.8,23,42,0,2,10.2,1002.3
"2022-04-18",33.9,24.2,42.7,0,280,9.1,1003.8
"2022-04-19",33.9,24.4,42.7,0,308,11,1005.1
"2022-04-20",34.8,26.7,42.7,0,310,10.8,1003.7
"2022-04-21",31.9,26.1,39.5,0,79,10.1,1005.1
"2022-04-22",32.3,24.7,39.1,0,265,8.1,1006.5
"2022-04-23",33.3,25.7,40.8,0,286,10.9,1005.7
"2022-04-24",33,25.4,41,0,294,13.1,1004
"2022-04-25",34.1,26.8,41.2,0,290,13.5,1003.2
"2022-04-26",33.5,25.5,42,0,275,11.7,1003.7
"2022-04-27",34,24.6,43.1,0,281,10.5,1002.8
"2022-04-28",34.5,26.1,43.3,0,250,8.7,1003.4
"2022-04-29",35.1,26,44.4,0,305,12.1,1002.4
"2022-04-30",34.9,25.6,43.5,0,41,11.1,1000.7
"2022-05-01",30.7,26,39.3,0.4,91,15,1001.1
"2022-05-02",31.7,26.4,40.2,0,100,13.5,1001.7
"2022-05-03",30.2,25.4,39.4,0,74,12.4,1003.3
"2022-05-04",31.2,24.7,38.5,0.3,72,10.6,1005.1
"2022-05-05",32,25.8,37.6,0,59,10.3,1004.7
"2022-05-06",32.3,25.9,38.7,0,64,10.4,1005
"2022-05-07",32.6,26,39.8,0,93,9.8,1004.6
"2022-05-08",32.6,26.4,39.8,0,94,11.1,1003.2
"2022-05-09",32.1,26.2,37.4,0,74,11.9,1003.3
"2022-05-10",33.1,28.4,38.5,0,71,11.7,1002.4
"2022-05-11",33.1,28.4,37.7,0,59,10.1,1001.2
"2022-05-12",34.1,28.6,39.9,0,67,10.1,999.9
"2022-05-13",35.9,27.3,44.7,0,95,12.1,996.5
"2022-05-14",35.8,27.7,44.7,0,95,9.9,996.7
"2022-05-15",36,28.9,46,0,102,8.4,998.2
"2022-05-16",36.9,30.2,44.5,0,177,11.5,998.2
"2022-05-17",34.4,26.2,42.9,0,157,11.8,999.2
"2022-05-18",34.3,27.6,42.7,0,35,9.3,1000.3
"2022-05-19",35.4,27.9,43.1,0,115,8.4,1000.7
"2022-05-20",36.6,28.9,45.1,0,136,10.4,997.8
"2022-05-21",34.6,28.7,41.3,0,111,11.2,995.8
"2022-05-22",32.8,27.6,37.9,0,60,13.4,994.6
"2022-05-23",30.5,25.1,36.9,0,96,9.8,998.2
"2022-05-24",27.8,24.1,32.9,8.1,82,8.8,1003.4
"2022-05-25",27.7,24.1,32.9,0.6,113,6.6,1004.8
"2022-05-26",NA,NA,NA,0,NA,NA,NA
"2022-05-27",NA,NA,NA,0,NA,NA,NA
"2022-05-28",32.6,26.8,40.2,0,264,7.4,997.9
"2022-05-29",33.9,27.9,40.7,0,73,10.7,997.9
"2022-05-30",32.9,28.1,39.2,0.7,95,7.8,999.2
"2022-05-31",33.9,28,41.2,0,58,8.8,998.2
"2022-06-01",33.9,25.9,41.6,0,357,10.2,998.9
"2022-06-02",34.5,27.6,41.9,0,318,8.8,998.5
"2022-06-03",34.5,25.8,42.7,0,313,7.8,997.9
"2022-06-04",35.6,26.5,43.4,0,343,8,998.2
"2022-06-05",35.5,26.3,43.1,0,2,7,998.4
"2022-06-06",35.5,27.3,43.1,0,326,8.5,998.1
"2022-06-07",35.8,27.9,43.8,0,287,10.5,997.2
"2022-06-08",36.1,28.5,42.9,0,305,12.4,996.9
"2022-06-09",36.4,27.9,43.7,0,301,11.8,996.6
"2022-06-10",36.4,28.5,43.3,0,298,8.8,996.9
"2022-06-11",36.9,30,43.4,0,297,12.4,997.2
"2022-06-12",36.5,28,43.7,0,281,11.5,998.1
"2022-06-13",38,32.1,43.6,0,269,15.6,999.6
"2022-06-14",38.1,33.1,43.3,0,275,17.8,999
"2022-06-15",37.1,32.6,42.4,0,276,15.6,998.7
"2022-06-16",35.7,32.3,40.8,0,267,13.2,999.3
"2022-06-17",33.8,29.2,39.5,1.1,254,11.8,999.9
"2022-06-18",32,29.4,37.7,0.6,256,13.5,1000.9
"2022-06-19",31.4,26.4,37.7,11.9,266,10.2,1000.3
"2022-06-20",30.9,26.4,35.6,0.1,271,9.9,999
"2022-06-21",32.1,27.3,37,0,277,6.3,998
"2022-06-22",32.9,27.7,37.9,0,35,7.1,1001.3
"2022-06-23",34.1,28.9,39.1,0,49,9,1002
"2022-06-24",34.1,28.2,39.3,0,44,7.3,1000
"2022-06-25",33.2,28.6,38.3,0.7,85,11,998.4
"2022-06-26",34.1,29.6,38.9,0,97,16.3,999.5
"2022-06-27",33.3,28.5,38.6,0,99,13.1,1000.7
"2022-06-28",33.3,28.9,39.8,9.2,112,8.4,998.3
"2022-06-29",30.1,26.2,35.2,6.4,196,9.1,997.1
"2022-06-30",26.5,25.7,28.4,63.8,158,5.6,998.8
"2022-07-01",28.2,24.9,33.3,5.7,138,5.2,999.2
"2022-07-02",28.7,25.1,32.1,10.6,118,5.9,998.2
"2022-07-03",29.3,25.6,34.2,19.4,96,7.1,998.7
"2022-07-04",30.6,26.7,34.7,6.7,88,8.7,998
"2022-07-05",31.6,26.8,35.9,0.5,96,11,997.6
"2022-07-06",31.6,29.3,35.5,1.9,102,12.7,1000.2
"2022-07-07",31.9,28.8,35.6,0.4,99,13.9,1001.7
"2022-07-08",32.2,27.9,36.2,0.6,104,10.3,999.6
"2022-07-09",31.1,27.4,33.8,10.1,82,13.4,998
"2022-07-10",32.2,27.4,36.3,0,79,12.5,998.4
"2022-07-11",32.3,28.2,36.3,5.3,72,11.6,999
"2022-07-12",32.6,27.2,37.6,0.8,80,13,998.3
"2022-07-13",33.7,29.7,38.2,0,81,16.6,996.2
"2022-07-14",33.8,29.4,39.1,0,92,19.9,995.7
"2022-07-15",32.5,27.6,39,9.2,95,18.2,997.9
"2022-07-16",31,27.2,37.5,1.4,96,12.7,999.2
"2022-07-17",32.5,27,38,0.1,84,12.3,1000.3
"2022-07-18",33.9,30.1,38.2,0,84,16.7,999
"2022-07-19",34,29.7,38.4,0,83,9.8,998.3
"2022-07-20",30.2,27.5,33.9,24,209,6.2,999.2
"2022-07-21",28,26.1,33.3,23.9,301,5.5,1001.4
"2022-07-22",27.6,25.4,30.9,22.8,66,7,1002.5
"2022-07-23",28.4,25.2,33.7,16.1,95,13.3,1001.2
"2022-07-24",28.8,25.7,33.5,7.4,101,15.7,1001.1
"2022-07-25",27.7,24.8,32.2,19.6,106,16.6,1003.5
"2022-07-26",28,24.9,32.4,8.2,115,11.8,1005.1
"2022-07-27",27.1,24.9,31.5,12.1,135,6.1,1005.3
"2022-07-28",27.5,24.8,30.9,6.2,212,6.7,1005.7
"2022-07-29",27.5,25.7,30.3,8,270,7.4,1004.9
"2022-07-30",27.5,25.3,30.6,6.8,277,7.3,1003.2
"2022-07-31",29.3,26,33.4,0,263,8.8,1000.9
"2022-08-01",29.8,27,33.5,1.9,273,11,1000.9
"2022-08-02",29,26.6,32.4,6.2,246,8.3,1000.6
"2022-08-03",27.7,26,30.9,23.7,113,4,1002
"2022-08-04",27.9,24.9,31.2,23.4,95,8.4,1002.2
"2022-08-05",28.6,25.5,32.1,6.8,105,7.1,1000.4
"2022-08-06",29.1,25.8,32,5.6,95,6.3,998.7
"2022-08-07",28.3,25,32.7,21.7,82,9.1,998.7
"2022-08-08",29.4,26.3,33.6,9.8,69,11.4,997.7
"2022-08-09",30.6,27.3,34.4,0,80,16.4,996.7
"2022-08-10",30,27.7,33.3,0.1,84,23.4,995.4
"2022-08-11",29.5,27.9,32.3,1.1,89,26.5,997
"2022-08-12",28.8,25.7,32.3,0.7,118,17.3,998
"2022-08-13",28.8,25.2,32.9,1.1,164,5.5,999.1
"2022-08-14",27.9,25.7,32,22.8,64,7.7,1000.6
"2022-08-15",27.9,26.7,30.1,5.6,75,26.1,999.9
"2022-08-16",28.7,26.5,32,0.9,131,20.6,1001.4
"2022-08-17",29,25.2,33,0,200,7.6,1003.3
"2022-08-18",29.6,26.3,33.3,0.1,266,11.8,1001.7
"2022-08-19",28.8,26.2,33.2,4.9,288,10.5,1001.6
"2022-08-20",27.3,24.9,32.1,23.6,349,10.1,1001.6
"2022-08-21",27.9,25.2,31.6,27.4,46,19,998.9
"2022-08-22",28.5,25.1,32.5,6.3,95,24.2,997.1
"2022-08-23",28.8,25.8,32.6,0,142,12.6,1001.7
"2022-08-24",28,25.4,31.1,4.1,103,4.5,1005
"2022-08-25",27.2,25.4,30.3,8.4,308,4.4,1004
"2022-08-26",27.3,24.2,30.9,7.4,279,5.9,1003.2
"2022-08-27",27.8,24.8,32.4,14.3,257,9.6,1002.5
"2022-08-28",28,26.2,32,18.8,255,6.2,1003.7
"2022-08-29",27.5,25.6,29.8,7,214,3.5,1006.9
"2022-08-30",28.5,25.5,32.4,3.4,234,3.9,1007.2
"2022-08-31",28.9,26.3,32.3,3.5,240,6.5,1005.1
"2022-09-01",27.7,25.8,30.3,11,198,6.1,1005.4
"2022-09-02",28.1,25.9,31.3,13.3,260,5.9,1006.2
"2022-09-03",29.7,26.3,33.8,0.1,260,10.7,1003.5
"2022-09-04",29.9,26.8,34.1,0,263,10.7,1002.7
"2022-09-05",29.5,25.7,33.6,0,271,8.7,1003.9
"2022-09-06",29.5,25.6,33.6,0,273,6,1004.9
"2022-09-07",30,26.5,33.9,0,58,5.5,1006.2
"2022-09-08",29.2,26.3,33,2.8,88,8.8,1007.3
"2022-09-09",28.7,26.4,31.6,1.3,91,10.4,1007
"2022-09-10",28.9,25.7,33.1,4.1,74,10.6,1005.6
"2022-09-11",29.3,26.1,32.8,2.3,74,13.5,1003
"2022-09-12",27.8,25.2,31.4,5.8,75,19.2,1001.1
"2022-09-13",26.5,24.7,29.7,8.4,83,21.2,1001.2
"2022-09-14",26,24.9,30.1,21.1,110,18.9,1002.3
"2022-09-15",25.5,24.3,28.2,95.3,164,18.5,999.9
"2022-09-16",26.6,24.5,30.3,15.3,246,15.5,997.8
"2022-09-17",26.5,24,30.6,2.4,255,6.8,1001.9
"2022-09-18",27.6,24.1,32.2,0.3,285,7.3,1004.1
"2022-09-19",27.3,24.4,31.7,6,43,4.8,1004.5
"2022-09-20",26.6,24.9,31.2,23.7,53,6.1,1004.3
"2022-09-21",25.7,24.6,28.2,47.7,67,10.9,1003.5
"2022-09-22",26.3,24.3,29,24.8,102,12.3,1002.8
"2022-09-23",26.7,24.2,31.2,7.4,110,12.9,1003.1
"2022-09-24",26.9,24.8,30.3,4.7,166,10.7,1003.3
"2022-09-25",26.5,23.6,30.4,9.4,199,6.4,1005.6
"2022-09-26",27.2,23.6,31.2,0.4,266,5.6,1007.3
"2022-09-27",27.5,24.2,32,0,301,7.8,1006
"2022-09-28",27.5,23.2,32.4,0,302,6.8,1005.4
"2022-09-29",27.7,23.2,32.7,0,290,6.1,1005.4
"2022-09-30",27.2,23.2,31.9,0,303,6.2,1005.7
"2022-10-01",27.1,22.7,32.1,0,300,5.5,1005
"2022-10-02",27.6,23.4,32,0.3,304,7.3,1004.6
"2022-10-03",28.1,23.8,32.9,0,302,7.5,1005.1
"2022-10-04",26.8,24.2,30.9,24,66,11.3,1006.9
"2022-10-05",24.9,23.2,27.3,12.1,79,11.1,1006.9
"2022-10-06",25.3,23.7,29.1,25.1,110,8.9,1007.2
"2022-10-07",25.3,23.1,28.8,15.6,96,10.7,1008.8
"2022-10-08",25.7,23.8,29.7,14,109,8.6,1009.4
"2022-10-09",25.8,23.6,30,6.7,124,6.3,1009.2
"2022-10-10",25.6,23.4,29.9,20.7,177,6.1,1010.5
"2022-10-11",24.2,22.2,29.1,46.9,211,4.7,1009.5
"2022-10-12",25,21.4,29.6,0,318,6.2,1010
"2022-10-13",24.9,21.4,30,0,309,6.7,1011.2
"2022-10-14",24.3,19.8,29.5,0,280,5.9,1011
"2022-10-15",24.2,19.1,29.6,0,258,4.7,1010.6
"2022-10-16",24.7,19.9,29.9,0,192,5.2,1012.9
"2022-10-17",24.5,19.7,30.3,0,282,7.1,1013.1
"2022-10-18",24.5,19.8,30.4,0,282,7.5,1011.8
"2022-10-19",24.7,19,30.5,0,282,6,1011.9
"2022-10-20",24.6,18.8,30.5,0,234,4.7,1013.3
"2022-10-21",24.2,19.1,30.4,0,274,7.9,1015
"2022-10-22",24.2,18.1,31,0,305,6.4,1015.5
"2022-10-23",23.7,18.9,29.6,0,337,6.7,1014.1
"2022-10-24",23.8,19,30,0,301,8.5,1009.7
"2022-10-25",22.8,18,29,0,277,9.9,1008.8
"2022-10-26",23,15.7,29.5,0,282,5.5,1012.5
"2022-10-27",23.3,16.8,29.7,0,281,5.6,1012.9
"2022-10-28",23.8,17.8,30,0,91,5.7,1012.6
"2022-10-29",23.2,17.5,29.4,0,7,6,1013.3
"2022-10-30",23,18.3,29.6,0,340,5.7,1013.7
"2022-10-31",23.8,17.6,29.5,0,294,3.9,1013.8
"2022-11-01",23.3,16.7,28.8,0,271,4.5,1014.4
"2022-11-02",23.6,17.9,30.3,0,258,8.3,1012.5
"2022-11-03",23,16.9,29.7,0,275,6.4,1011.6
"2022-11-04",23,18,29.4,0,329,7.4,1013.1
"2022-11-05",23.6,18.3,29.7,0,56,5.5,1015.1
"2022-11-06",23.7,18.3,29.1,0,52,4.8,1015.4
"2022-11-07",23.6,18.3,29.4,0,212,5.4,1014.7
"2022-11-08",23.6,18.9,29.5,0,216,5.5,1014.6
"2022-11-09",22.8,18.2,28.8,0.2,307,5.3,1015.1
"2022-11-10",22.1,18.2,28.3,0.5,337,7,1016
"2022-11-11",21.5,17.6,28.1,0,302,10.1,1015.9
"2022-11-12",20.3,15.7,26.7,0,279,9.2,1015.6
"2022-11-13",20.3,15.8,27,0,284,9.7,1014.8
"2022-11-14",20.1,15,27,0,300,6.7,1015.2
"2022-11-15",20.7,15.4,27.9,0,286,7.7,1014.6
"2022-11-16",21,15.3,27.6,0,292,7.6,1013.3
"2022-11-17",19.5,14.9,25.1,0,295,10.2,1014
"2022-11-18",18.2,12.6,24.2,0,297,6.9,1015.5
"2022-11-19",18.5,11.6,24.1,0,296,3.9,1015.5
"2022-11-20",18.2,12.2,25.5,0,301,6.5,1013.7
"2022-11-21",18.7,12.9,25.9,0,289,8.2,1012.8
"2022-11-22",18.4,13,25.8,0,292,7.9,1013.2
"2022-11-23",18.1,12.7,25.5,0,287,8.6,1013.7
"2022-11-24",17.5,11.8,25.2,0,285,8.6,1014
"2022-11-25",17.9,11,25.3,0,305,7.5,1015.5
"2022-11-26",17.9,12.3,25.3,0,288,7.8,1012.7
"2022-11-27",17.8,11.8,25.7,0,303,7,1010.8
"2022-11-28",18.1,11.9,25.6,0,319,5.8,1012.2
"2022-11-29",18.2,12.6,25.6,0,326,6.2,1014.1
"2022-11-30",18,12.6,24.8,0,328,6,1015.4
"2022-12-01",17.4,11.2,24.3,0,293,7.3,1014.8
"2022-12-02",17.6,10.9,24.1,0,274,5.7,1014
"2022-12-03",17.6,11.2,24.3,0,314,5.5,1014.5
"2022-12-04",17.3,11.9,24.6,0,302,6.9,1015.1
"2022-12-05",16.9,11.4,24.3,0,306,7,1016.5
"2022-12-06",16.7,11.5,23.3,0,291,9.4,1015.4
"2022-12-07",16.9,12.1,23.6,0,289,10,1014.4
"2022-12-08",16.5,10.5,23.7,0,298,7.8,1014.9
"2022-12-09",16.4,10.6,23.4,0,324,5.2,1014.1
"2022-12-10",17.4,10.9,25.3,0,304,5,1014.1
"2022-12-11",18,11.6,27,0,284,7.8,1014
"2022-12-12",18.8,12.4,27,0,290,7.9,1013.3
"2022-12-13",18.8,13.7,26.1,0,290,10.4,1014.5
"2022-12-14",17.6,12.7,24.9,0,292,11,1015
"2022-12-15",15.7,10.5,22.7,0,292,9.8,1014.6
"2022-12-16",15.3,9.6,23.3,0,294,8,1013.8
"2022-12-17",15,8.2,22.7,0,308,7.3,1015.2
"2022-12-18",15.2,8.9,23.1,0,308,7.3,1015.4
"2022-12-19",15.6,9.7,23.4,0,301,7,1013.8
"2022-12-20",15.4,10.2,23.2,0,291,8.1,1013.3
"2022-12-21",15,8.2,22.9,0,314,8.3,1014.3
"2022-12-22",16.1,10.7,24.4,0,329,6.7,1013.7
"2022-12-23",16.6,10.2,24.1,0,54,7.3,1013
"2022-12-24",17.8,12.7,23.7,1.8,9,6,1013.6
"2022-12-25",15.4,10.8,22.5,0,321,8.1,1015.6
"2022-12-26",13.5,7.9,21,0,308,6.4,1017.5
"2022-12-27",13.8,8.6,20.9,0,281,10.9,1017
"2022-12-28",14.8,9.4,21.7,0,276,12.4,1017.2
"2022-12-29",15.1,8.5,21.7,0,308,6.3,1018.5
"2022-12-30",15.1,9.4,22.5,0,77,6.3,1019
"2022-12-31",15.1,9.9,22.2,0,306,7.7,1018.2
"2023-01-01",14.1,9.6,20.9,0,328,6.1,1019.8
"2023-01-02",12.9,8,20,0,335,4.8,1020.7
"2023-01-03",12,7,19.1,0,339,6.5,1021.3
"2023-01-04",11.1,6.9,17.3,0,309,6.9,1021.7
"2023-01-05",9.8,5.2,16.6,0,302,7.1,1022.9
"2023-01-06",9,4.9,15.8,0,296,7.2,1023.5
"2023-01-07",9.5,4.7,17.6,0,272,8.1,1021.4
"2023-01-08",10.5,5,18.4,0,275,8,1019.2
"2023-01-09",11.3,5.7,19.8,0,287,7.2,1019.7
"2023-01-10",13.4,6.9,21.4,0,284,7.9,1018.2
"2023-01-11",13.4,7.8,20.8,0,261,7,1015.2
"2023-01-12",14.2,8.5,21.7,0,102,7.4,1013.5
"2023-01-13",16,11.3,22.6,0,93,8,1013
"2023-01-14",15.4,10.4,21.6,0,308,9.7,1014.6
"2023-01-15",11.9,8.1,17.2,0,285,11.2,1015.2
"2023-01-16",9.8,4.6,16.3,0,296,8.4,1016.5
"2023-01-17",10.2,4.5,17.1,0,298,7.8,1017
"2023-01-18",10.8,4.4,18.5,0,307,7.8,1019
"2023-01-19",12.4,4.6,19.5,0,355,5.6,1019
"2023-01-20",13.6,6,20.3,0,81,7.5,1016.9
"2023-01-21",14.7,8.5,22.5,0,9,6.2,1016.2
"2023-01-22",14.9,10.2,21.1,0,74,8.2,1015.6
"2023-01-23",15.7,9.6,22.6,1.7,19,6.5,1015.2
"2023-01-24",18.3,14.5,24.2,0,59,10.4,1014.3
"2023-01-25",18.1,15.2,22.4,5.1,47,9.4,1014.5
"2023-01-26",17.3,13.8,21.8,0,310,9.6,1016.4
"2023-01-27",15.5,11.5,20.8,0,294,11.7,1016.9
"2023-01-28",13.8,8.6,21.1,0,275,9.3,1015.2
"2023-01-29",14.8,7.4,22.3,0,90,6.7,1014.7
"2023-01-30",16.4,11.7,23.3,0,45,10.9,1016.6
"2023-01-31",16.5,12,22.2,0,303,13.5,1017
"2023-02-01",15.6,11,21.4,0,282,14.1,1016.3
"2023-02-02",15.1,9.7,22,0,270,10.6,1015.9
"2023-02-03",15.9,10.4,23.2,0,284,10.1,1015.8
"2023-02-04",17.1,11.3,24.5,0,279,11.2,1013.6
"2023-02-05",17.4,11.9,24.8,0,275,10,1012.6
"2023-02-06",17.5,10.5,25.5,0,299,7.5,1012.2
"2023-02-07",19.1,13.4,26.2,0,277,11.5,1010.4
"2023-02-08",17.3,11.6,23.5,0,289,11.8,1013.2
"2023-02-09",17.5,10.1,25.3,0,281,8.4,1013.2
"2023-02-10",19.6,13,29,0,161,8.2,1012.2
"2023-02-11",20.2,12.9,28.2,0,263,10.2,1012.1
"2023-02-12",18.7,13.4,24.8,0,297,14.6,1015.7
"2023-02-13",16.3,12.1,21.8,0,279,17.9,1014.8
"2023-02-14",16.3,10.2,22.8,0,284,10.5,1015.2
"2023-02-15",16.9,10.3,24.5,0,293,9.4,1013
"2023-02-16",18.6,11.8,25.6,0,35,5.7,1014
"2023-02-17",20.2,13.1,27,0,30,5,1015
"2023-02-18",20.6,13.3,26.6,0,260,5.2,1014.9
"2023-02-19",20.9,13.8,28.7,0,242,7.3,1014
"2023-02-20",21.2,13.5,30,0,237,8.1,1011.9
"2023-02-21",21.9,15.3,30.7,0,217,8.9,1010.8
"2023-02-22",22.3,15.4,30.5,0,309,9.6,1011
"2023-02-23",21.6,14.5,29.7,0,302,10.3,1011.7
"2023-02-24",20.2,12.9,28.5,0,296,9.7,1014.1
"2023-02-25",20.2,12.7,28.5,0,286,7,1016.4
"2023-02-26",21.5,14.3,29.3,0,58,7.6,1017.6
"2023-02-27",22.4,15.5,30.5,0,334,9.3,1016.9
"2023-02-28",22.8,16.7,30.6,0,327,8.8,1016.7
"2023-03-01",23,15,30.6,0,327,7.3,1017.5
"2023-03-02",22.9,15.4,31.7,0,315,9.7,1017.5
"2023-03-03",24.5,17.2,32.3,0,303,12.6,1017.7
"2023-03-04",24.4,17.3,32.1,0,300,12.1,1018
"2023-03-05",24.1,17.9,30.9,0,293,12.8,1017.2
"2023-03-06",23.1,17,30.6,0,300,11.1,1015.3
"2023-03-07",23,15.4,30.4,0,282,9.9,1015.4
"2023-03-08",23,17.7,29.6,0,182,7.7,1016
"2023-03-09",21.4,15.8,28.9,0.2,304,8.3,1016.3
"2023-03-10",22.4,15,29.3,0,290,6.6,1015.2
"2023-03-11",23.3,16.2,30.5,0,301,7.2,1014.9
"2023-03-12",24.2,16.1,31,0,274,6.2,1014.5
"2023-03-13",25,18,31.6,0,327,6.8,1012.8
"2023-03-14",25.2,18.7,33,0,290,10.5,1010.2
"2023-03-15",25,17.2,33.4,0,305,8.3,1009.1
"2023-03-16",24.9,19.4,32.1,0,167,10.8,1010.4
"2023-03-17",23.2,18.3,27.9,0,107,7.3,1011.6
"2023-03-18",22.1,18.4,28,5.8,83,9.1,1010.9
"2023-03-19",21.8,16.8,29.2,0,76,7.7,1008.8
"2023-03-20",20,17.3,25.2,14.6,103,7.6,1008.2
"2023-03-21",19.4,16.3,25.2,4,61,8.3,1009.2
"2023-03-22",20.6,15.2,27.2,0,320,7.7,1009.8
"2023-03-23",22.5,17.1,29.2,0,292,10.9,1008.8
"2023-03-24",23.3,16.7,30.6,0,355,8.4,1009.4
"2023-03-25",24.4,19.8,31,0.4,55,11.6,1010.5
"2023-03-26",23.8,18,31.6,0,325,9.6,1009.8
"2023-03-27",23.8,17.8,30.8,0.2,306,11.5,1009.5
"2023-03-28",23.9,16.7,31.1,0,302,9.9,1009.8
"2023-03-29",25.4,17.6,32.7,0,348,7.9,1010.3
"2023-03-30",26.3,20.5,34.6,0.3,351,7.5,1008.1
"2023-03-31",22.4,18.6,29.9,9.1,71,11.7,1008.3
"2023-04-01",22.2,16.9,28.7,0.2,32,8.3,1009
"2023-04-02",23.9,16.7,31.2,0,293,10.1,1008.1
"2023-04-03",25.7,17.5,33.1,0,301,11.6,1006.9
"2023-04-04",25.9,19.1,32.5,0,313,9.5,1007.7
"2023-04-05",25.5,18.6,33.7,0,317,10.8,1008.9
"2023-04-06",25.3,17.6,33.7,0,320,9.7,1010.8
"2023-04-07",26.2,18.5,34.7,0,308,11.7,1012.5
"2023-04-08",26.9,19.1,34.9,0,296,9.8,1013.7
"2023-04-09",27.5,19.6,35.9,0,311,8.3,1013.2
"2023-04-10",27.5,18.1,36.1,0,292,11.5,1011.3
"2023-04-11",27.9,19.4,36.6,0,296,12.2,1010.6
"2023-04-12",29.8,21.3,38.6,0,308,12.4,1009.8
"2023-04-13",31,22.5,39,0,289,12.7,1008.4
"2023-04-14",30.9,22.5,39,0,302,9.3,1007.7
"2023-04-15",31.3,24.2,38.4,0,261,8.1,1007.6
"2023-04-16",32.2,24.2,40.9,0,273,11.7,1005.9
"2023-04-17",32,23.7,40.9,0,283,12.1,1006
"2023-04-18",33.5,25.9,41.4,0,285,12.6,1006.9
"2023-04-19",33.8,26.3,41.2,0,285,14.8,1004
"2023-04-20",32.4,25.4,39.7,0,302,13.3,1001.8
"2023-04-21",29.8,25.1,36.3,0,23,10.2,1003
"2023-04-22",29.5,21.2,36.9,0,160,8.7,1003.9
"2023-04-23",27.6,22.2,35.6,0.7,114,11.9,1006
"2023-04-24",26.1,20,31.9,0.2,59,13.9,1010
"2023-04-25",26.6,20.1,33.3,0,69,7.7,1010.8
"2023-04-26",28.2,21.4,35,0,341,7.5,1007.9
"2023-04-27",29.5,22.6,35.8,0,282,8.5,1007.7
"2023-04-28",29.1,24.1,36.2,0,307,10.4,1008
"2023-04-29",28.8,23.4,34.2,0,248,9.1,1007.7
"2023-04-30",25.7,23,29.4,7.5,129,8.7,1007.6
"2023-05-01",23.6,20.4,30.2,20.4,123,9.4,1007.5
"2023-05-02",24.2,18.9,30.1,0.9,104,6.5,1008.6
"2023-05-03",24.9,21.1,32,9.4,348,6.2,1009.5
"2023-05-04",25.4,20.6,30.5,0,345,5.9,1008.9
"2023-05-05",27,20.3,33.4,0,338,8.6,1007.3
"2023-05-06",29.2,21.3,36.5,0,298,11.5,1005.2
"2023-05-07",30.2,22.6,38.3,0,309,10.9,1004.7
"2023-05-08",30.4,22.4,37.7,0,188,8.3,1004.4
"2023-05-09",31.5,24,39.4,0,270,14.2,1004.9
"2023-05-10",29.7,22.4,37.6,0,304,11.6,1005.3
"2023-05-11",30.3,21.6,39.4,0,302,10.4,1006.2
"2023-05-12",31.3,22.1,39.8,0,82,8.8,1005.5
"2023-05-13",31.9,22.9,40.1,0,122,8.2,1004.3
"2023-05-14",32.6,25,41.7,0,130,9.6,1001.4
"2023-05-15",33,25,41.1,0,324,11.4,1001.3
"2023-05-16",33.1,24.8,41.3,0,274,14.4,1002.9
"2023-05-17",34.3,26.3,42.2,0,295,12.1,1004.3
"2023-05-18",34.2,27.2,41.1,0,315,12.2,1006.3
"2023-05-19",34.2,27.8,41.1,0,305,14.8,1004.9
"2023-05-20",34.2,26.9,41.8,0,287,12.4,1003.4
"2023-05-21",35,26,43.9,0,284,13.8,1003.3
"2023-05-22",34.6,27,43.3,0,275,10.6,1004.3
"2023-05-23",35.2,25.9,44.1,0,340,13.4,1004.1
"2023-05-24",34,28.4,41.4,0,83,10.3,1003.6
"2023-05-25",30,23.9,36.2,14,7,9.5,1004.8
"2023-05-26",28.3,22.5,33.3,5,96,11.1,1005.8
"2023-05-27",28.2,23.2,35.1,0.3,150,8.4,1005.6
"2023-05-28",29.2,23.5,35,0,87,7,1006.1
"2023-05-29",29.7,24.6,36.5,0,61,6.8,1007.3
"2023-05-30",30.5,23.3,37.6,0,312,8.9,1006.9
"2023-05-31",31.3,25.3,37.1,0,290,10.7,1006.2
"2023-06-01",31,24.9,36.8,0,306,14.1,1004.8
"2023-06-02",31.2,25,36.7,0,294,11.7,1003.8
"2023-06-03",31.8,25.2,38.4,0,311,10,1004.3
"2023-06-04",32.5,24.8,40.1,0,301,11.4,1003.9
"2023-06-05",31.6,27.4,36.6,0,308,9.5,1003.3
"2023-06-06",32.3,25.4,39.1,0,321,9.4,1002.3
"2023-06-07",33.4,26.6,40.2,0,316,10.3,1001.9
"2023-06-08",34.2,27.2,41,0,301,13.3,1001.5
"2023-06-09",34.5,27.7,40.7,0,286,12.4,998.7
"2023-06-10",35.8,29.9,41.8,0,293,13.9,997.6
"2023-06-11",35.7,30.2,41.3,0,289,15.5,997.4
"2023-06-12",36.8,30.9,41.6,0,288,16.3,997.5
"2023-06-13",38,32.3,43.2,0,289,19.4,996.6
"2023-06-14",37.6,32.9,42.1,0,279,22.5,997.4
"2023-06-15",36.7,33.6,41.1,0,285,23.9,998.9
"2023-06-16",36,30.6,41.1,0,287,17.5,999.2
"2023-06-17",35.9,30,41.5,0,280,12.4,999.4
"2023-06-18",36.1,31.5,40.8,0,270,12.6,999.6
"2023-06-19",34.2,30.6,40.2,0,235,14.5,998.9
"2023-06-20",31.4,28.1,36.5,1.7,206,16.9,998.4
"2023-06-21",26.7,25.4,28.6,64.5,227,18.7,998.9
"2023-06-22",28.3,25.7,31.5,3,130,13.8,998.9
"2023-06-23",30.2,25.9,35.1,0,154,9,1000.1
"2023-06-24",30.6,27,35.7,8.5,150,8.6,999.5
"2023-06-25",29.7,26.5,33,9.7,118,8.3,1000.3
"2023-06-26",29.7,25.7,34.6,8.2,45,9.8,1000.4
"2023-06-27",30.7,26.1,35.1,3.5,61,12.2,999.4
"2023-06-28",29.8,27.8,33.6,1.2,72,13.3,1000.7
"2023-06-29",28,25.5,31.6,23.9,79,11.6,999.7
"2023-06-30",27.2,25.1,31.7,22,220,8.7,998.5
"2023-07-01",28,25.6,32,12.7,222,11.3,999.4
"2023-07-02",29,25.9,34.7,1.5,250,11.3,999.5
"2023-07-03",29.6,26,34,5.5,17,7.8,999.7
"2023-07-04",28.8,26.3,32.7,0.4,79,9,999.2
"2023-07-05",28.8,26.1,32.7,6,92,18,998.8
"2023-07-06",28.8,26.1,32.9,24.9,77,10.5,1000.2
"2023-07-07",28,25.4,31.1,28.6,71,11.2,1001
"2023-07-08",28.4,25.3,32.4,20.6,99,14,1001.2
"2023-07-09",28.8,25.7,34.5,12,144,9.6,1001.3
"2023-07-10",29.2,25.7,33.7,13.4,161,8.4,1000.8
"2023-07-11",29.4,26.4,33.3,6.5,120,6.3,1000.4
"2023-07-12",28.9,26.3,32,13.3,117,9.2,1000.4
"2023-07-13",28.7,26.3,32.8,10.4,118,8.1,1000.6
"2023-07-14",28.4,25.4,32.6,21.7,56,5.8,1001.6
"2023-07-15",27.7,25.1,32,16.5,51,5.6,1001.5
"2023-07-16",28.6,25.2,32.4,12.4,98,5.3,1001
"2023-07-17",29.3,25.5,33.4,4.4,70,8.4,999.9
"2023-07-18",29.7,26.4,33.5,1.8,72,12.1,999.6
"2023-07-19",30.8,27.4,35.2,0,71,12,998.8
"2023-07-20",31.8,28.5,35.5,2.5,75,11.6,998.6
"2023-07-21",32.1,28.7,35.8,0,87,13.6,1000.6
"2023-07-22",30.9,28.3,34.4,5.5,89,17.4,1003.2
"2023-07-23",31.2,28.5,34.4,0,94,17.1,1002.6
"2023-07-24",30.9,27.9,35.2,1.3,108,12.8,1000.9
"2023-07-25",29.5,26.4,33.8,18.5,98,10.2,1002.1
"2023-07-26",29.7,26.8,33.4,2.2,71,9.1,1002.8
"2023-07-27",30.2,26.8,35.7,0.9,42,9.8,1001.4
"2023-07-28",30.3,26.7,34.4,0.7,8,7.6,999.4
"2023-07-29",28.7,25.5,33.6,31.4,276,9.4,1000
"2023-07-30",29.1,26.7,33.6,4.7,264,11.7,999.3
"2023-07-31",28.8,25.7,32.4,18.5,268,12.3,998.6
"2023-08-01",29.6,27.3,33.9,11,275,11.9,997.5
"2023-08-02",28.1,26.6,31.5,16.7,303,12.1,998
"2023-08-03",29,26.4,33.2,33.9,3,12.5,997.7
"2023-08-04",28.7,26.4,32.2,6.6,46,11.3,999.4
"2023-08-05",29,26.4,32.6,9.5,351,7,1001.3
"2023-08-06",28.1,25.6,31,20,261,14.6,1000
"2023-08-07",29.8,27.7,32.7,0,258,17.5,997.8
"2023-08-08",29.6,27.1,32.7,0.5,261,16.7,999.2
"2023-08-09",29,26.8,32.3,0.5,265,13.2,1002.5
"2023-08-10",29.1,27.2,31.9,1.1,276,11,1004.1
"2023-08-11",29.9,26.7,34,0,267,11,1003.5
"2023-08-12",30.3,27.2,34,0,258,15,1001.7
"2023-08-13",29.5,27.5,33.3,0.7,236,12.6,1001.2
"2023-08-14",28.3,25.5,32.2,1.3,248,5.7,1004.1
"2023-08-15",29.3,25.7,34,0.1,259,6.4,1003.7
"2023-08-16",30.3,26.7,34.1,0.3,268,11.6,1002.8
"2023-08-17",30.1,27.4,34.4,3,265,9.6,1002.8
"2023-08-18",28.5,26.2,32.3,14.7,150,6.6,1002.5
"2023-08-19",29.5,26.5,32.5,0.4,72,11.5,1002.2
"2023-08-20",30.4,27.5,34.1,0.3,90,11.2,1002.6
"2023-08-21",30,26.9,33.9,2.5,100,6.4,1002.2
"2023-08-22",28.1,26.3,31.1,30.6,178,7.2,1001.8
"2023-08-23",26.9,25.1,28.5,41.4,231,12.5,1000.9
"2023-08-24",27.4,25.6,30.3,5,252,17.8,999.7
"2023-08-25",28.8,25.5,33.2,1.7,266,13.9,1000
"2023-08-26",29,25.3,32.9,0,267,14.2,1001.4
"2023-08-27",29.3,26.2,33.2,0,263,16.5,1001.6
"2023-08-28",27.9,25.6,32.5,5.1,257,14.3,1001.9
"2023-08-29",28.8,25.2,34,0.6,268,11,1003.2
"2023-08-30",29.4,25.7,33.8,0,268,10,1004.8
"2023-08-31",30.1,26.1,34.3,0,284,8.1,1005.4
"2023-09-01",30.5,26,35,0,278,8.9,1004.7
"2023-09-02",30.8,26.9,36,0,275,10.7,1003.7
"2023-09-03",30.7,26.2,35.5,0,293,8.9,1002.3
"2023-09-04",29.7,26.2,34.4,12,329,8.1,1001.3
"2023-09-05",29.1,26.4,33.2,19.1,74,11.7,1002.2
"2023-09-06",29,26.8,32.7,0,27,10.5,1003.3
"2023-09-07",29,25.7,32.5,0.7,64,10.9,1003
"2023-09-08",27.3,25.7,29.7,17,65,14.3,1002.7
"2023-09-09",27,24.6,30.9,40.7,86,13.6,1001.3
"2023-09-10",27.3,25.1,30.4,24,103,12.9,1000.3
"2023-09-11",26.4,25.1,28.6,23.7,103,8.3,1000.4
"2023-09-12",27.5,24.9,31,4.4,83,6.2,1001.6
"2023-09-13",29,25.1,33.1,1.7,95,5.9,1002.1
"2023-09-14",29.1,25.7,33.5,3.5,51,6.8,1003
"2023-09-15",29.8,27.3,33,2.3,70,15.9,1002.9
"2023-09-16",29,27.1,32.6,5.2,99,18,1002.5
"2023-09-17",29.2,26.5,33.2,0.2,146,12.3,1002.7
"2023-09-18",28.7,25.6,32.7,0.4,132,6.5,1003.9
"2023-09-19",28.7,25.5,32.6,10,137,4.8,1005.7
"2023-09-20",28.4,25.9,31.8,6.4,53,5.8,1005.9
"2023-09-21",28.6,25.7,33.6,6.7,33,5.7,1005.3
"2023-09-22",28,24.8,31.6,1.2,48,8.3,1005.8
"2023-09-23",28.1,25.1,32,0.9,41,8.5,1005.7
"2023-09-24",28,24.6,32.2,0,18,7.8,1005.4
"2023-09-25",28,24.1,31.7,0,60,7.2,1005.8
"2023-09-26",28,24.1,33,0.2,52,8,1006.7
"2023-09-27",28.7,24.7,33.2,0.1,14,5.7,1006.2
"2023-09-28",28.7,24.1,33.5,0,299,6.1,1005.8
"2023-09-29",28.8,24.1,34.2,0,325,5.6,1005.8
"2023-09-30",28.6,23.8,33.9,0,318,6.3,1005.3
"2023-10-01",28.8,24.7,34,0,44,6.5,1004.5
"2023-10-02",27.7,25.6,31.3,15.8,356,6.7,1005.5
"2023-10-03",27.4,23,33,0,332,8.7,1006.1
"2023-10-04",26.5,21.2,31.3,0.5,343,7.7,1006.6
"2023-10-05",27.4,23.6,32.5,0,348,7.6,1006.1
"2023-10-06",26.4,20.8,32.5,0,293,8.5,1005.5
"2023-10-07",27.3,21.3,33.6,0,276,7.2,1006.8
"2023-10-08",28.6,23.1,35,0,253,9,1007.6
"2023-10-09",29.2,24.6,34.7,0,268,11.2,1008.1
"2023-10-10",28.7,24.5,34.3,0,275,11.7,1009
"2023-10-11",27.6,22.5,34.6,0,300,13.1,1009.5
"2023-10-12",27,20.9,34.2,0,335,7.4,1011.3
"2023-10-13",26.5,19.3,34,0,288,7.5,1012.3
"2023-10-14",27.8,21,35.1,0,279,7.9,1011.4
"2023-10-15",27.6,21.5,34.8,0,268,9.6,1009.3
"2023-10-16",27.4,21.3,34.2,0,64,8,1010.6
"2023-10-17",23.6,19.3,29.7,0.2,11,6.7,1013.7
"2023-10-18",24.8,20,30.5,0,300,8.2,1014
"2023-10-19",24.2,19.1,30.6,0,307,8.3,1014.2
"2023-10-20",23.7,17.9,30.8,0,332,8.2,1014.5
"2023-10-21",24.1,18.8,30.5,0,24,6,1015.4
"2023-10-22",23.7,17.1,30.4,0,28,6.5,1015.3
"2023-10-23",23.9,18,30.6,0,341,6.4,1013.9
"2023-10-24",23.9,18.7,31,0,4,6.8,1013.1
"2023-10-25",24.3,18.1,32.7,0,314,7.8,1013.7
"2023-10-26",23.6,18.2,30.7,0,287,8.4,1013.5
"2023-10-27",23.4,17.2,30.9,0,300,7.8,1013
"2023-10-28",23.5,16.3,31,0,329,6.4,1013.4
"2023-10-29",24.6,17.9,30.7,0,210,5.7,1013.6
"2023-10-30",23.9,19.2,30.4,0,99,5.7,1014
"2023-10-31",23.8,17.5,29.9,0,78,5.6,1015.3
"2023-11-01",24.4,19.3,30.3,0,57,5.8,1015.5
"2023-11-02",24.3,18.1,30.1,0,341,6.1,1013.9
"2023-11-03",23.9,18.6,30.6,0,285,7.9,1011.8
"2023-11-04",23.7,17.4,30.7,0,286,7.7,1011.9
"2023-11-05",23.4,17.6,30.5,0,339,7.3,1013.8
"2023-11-06",22.7,16,29.9,0,352,6.1,1015.3
"2023-11-07",22.8,17.1,29.8,0,327,7.6,1014.7
"2023-11-08",23.2,16.4,31.1,0,270,7.8,1013.4
"2023-11-09",23.7,17.4,31.4,0,304,8,1013.9
"2023-11-10",24.1,19.7,30.8,0,33,5.3,1015.4
"2023-11-11",22.8,19.2,28.1,0,9,7.6,1016.5
"2023-11-12",21.6,17.2,27.6,0,320,7.1,1017.1
"2023-11-13",21.1,15.3,27.5,0,339,6.3,1017.3
"2023-11-14",21.8,16.6,26.9,0,317,7.2,1016.6
"2023-11-15",20.4,14.4,26.7,0,323,5.8,1016.5
"2023-11-16",20.4,14.1,27.1,0,22,11.6,1017.3
"2023-11-17",20.6,14.9,27.4,0,343,6.3,1016.8
"2023-11-18",20.6,14.8,27.2,0,308,6.6,1015.8
"2023-11-19",21.2,15.1,28,0,33,7,1016.8
"2023-11-20",21.3,15.7,27.9,0,349,6.9,1016.8
"2023-11-21",20.4,14.6,27.3,0,305,9,1015.5
"2023-11-22",19.3,14.5,26,0,290,8.7,1014.2
"2023-11-23",18.8,13.6,25.8,0,357,5.6,1013.9
"2023-11-24",18.8,13,25.9,0,351,6.3,1015.4
"2023-11-25",19.5,13.5,26.4,0,347,5.3,1016.7
"2023-11-26",20.2,13.2,26.6,0,89,7.6,1017.1
"2023-11-27",18.7,15.9,22.4,1.4,115,8.3,1015.6
"2023-11-28",19.7,13.8,26.3,0,83,7.3,1014.5
"2023-11-29",20.4,15.8,26.7,0,103,6.8,1015
"2023-11-30",19.3,16.8,23.7,28.2,113,8.7,1016.3
"2023-12-01",20.6,16.5,25.3,0.2,52,6.4,1015.9
"2023-12-02",20.9,16.9,25.6,0,25,6.2,1015.8
"2023-12-03",21,15.7,27.1,0,8,6.2,1015.9
"2023-12-04",19.2,17,21.1,8.5,8,12.2,1015.1
"2023-12-05",18.9,16.8,23.5,3.5,351,6.8,1014.7
"2023-12-06",20.1,14.5,25.7,0,8,5.8,1015.2
"2023-12-07",20.6,17.3,25.2,0,15,5.7,1014.6
"2023-12-08",19.2,14.4,24.9,0,285,7.3,1014.6
"2023-12-09",18.3,14,24.7,0,297,8.8,1015.6
"2023-12-10",16.9,11.7,23.6,0,282,9.6,1014.5
"2023-12-11",16.4,10.2,22.9,0,295,6.6,1015.4
"2023-12-12",15.5,10.3,22.7,0,337,6.8,1014.5
"2023-12-13",16,10.3,22.8,0,296,8.3,1015.7
"2023-12-14",15.8,10.5,23.4,0,278,9.1,1016.9
"2023-12-15",15.1,9.2,22.7,0,296,7.7,1018.3
"2023-12-16",15.1,9,22.8,0,304,7.6,1017
"2023-12-17",14.8,8.2,22.5,0,318,7.6,1017.6
"2023-12-18",14.9,9.7,21.8,0,299,10.1,1018.6
"2023-12-19",14.4,9.3,21.2,0,287,9.3,1019.4
"2023-12-20",14.5,9.7,21.4,0,299,7.2,1019.1
"2023-12-21",14.4,9.6,20.8,0,292,6.5,1017.1
"2023-12-22",15.3,9.6,21.1,0,347,5,1017
"2023-12-23",15.2,9.1,22.8,0,24,7.9,1018.9
"2023-12-24",16.1,10.6,23.7,0,339,6.7,1020
"2023-12-25",15.8,10.2,23.3,0,296,7.7,1019
"2023-12-26",15.9,9.7,23.3,0,288,6.8,1018.7
"2023-12-27",15.9,11.6,23,0,300,6,1019.3
"2023-12-28",15,9.3,21.5,0,310,6.1,1018.4
"2023-12-29",14.1,8.5,21,0,357,5.8,1019
"2023-12-30",13.2,7.7,20.8,0,309,6.3,1017.9
"2023-12-31",12.1,5.6,19.2,0,6,4.9,1017.8
"2024-01-01",14.2,9.9,19.7,0,1,5.5,1017.5
"2024-01-02",13.5,8.8,20,0,338,6.6,1017.2
"2024-01-03",14.8,10.1,20.7,1.1,45,6.5,1016.7
"2024-01-04",15.7,10.6,20.9,0,319,5.8,1016.6
"2024-01-05",16.3,13.1,19.8,1,7,6.6,1016.9
"2024-01-06",15.8,11.7,20.3,0,354,6.5,1018.2
"2024-01-07",14,9.6,20.2,0,338,7,1019.3
"2024-01-08",13.9,8.8,20.6,0,349,6.5,1019.1
"2024-01-09",14,8.9,18.7,0.1,337,9,1018.4
"2024-01-10",13.7,10.1,19,0,287,10.7,1017.3
"2024-01-11",12.2,7.5,18.7,0,288,7.9,1018.5
"2024-01-12",11.4,5.7,19.1,0,294,7.7,1018
"2024-01-13",12,6.3,19.1,0,314,6.7,1017
"2024-01-14",11.2,5.1,19.9,0,311,8.7,1016.6
"2024-01-15",10.9,4.4,19.3,0,302,7.7,1016.3
"2024-01-16",10.7,4.9,17,0,316,4.3,1014.9
"2024-01-17",10.2,6.1,17.2,0,55,6.4,1014.9
"2024-01-18",9.9,3.9,16.9,0,352,6.2,1016.5
"2024-01-19",10.5,4.7,17,0,10,6.5,1018.1
"2024-01-20",10.7,5,16.9,0,317,5.7,1018.4
"2024-01-21",10.6,5.3,17.5,0,278,8.6,1017.8
"2024-01-22",10.4,6.1,17.3,0,319,5.9,1019.1
"2024-01-23",10,4.5,17.4,0,302,7.4,1018.1
"2024-01-24",10.7,5.6,18.2,0,277,5.7,1018.2
"2024-01-25",12,7,19.4,0,299,4.9,1020.1
"2024-01-26",11.7,5.2,19,0,285,5.7,1020.9
"2024-01-27",12.5,6.4,20.5,0,263,9.3,1019.7
"2024-01-28",13.9,7.7,21.3,0,148,7,1018.5
"2024-01-29",15.1,9.9,22.3,0,79,7.3,1017.4
"2024-01-30",15.7,9.2,22.3,0,285,5.4,1016.8
"2024-01-31",15.9,9,24,0,112,6.1,1016
"2024-02-01",16.8,12.5,23.1,0,82,10.6,1016
"2024-02-02",15.3,9.6,22.3,0,316,10.4,1017.4
"2024-02-03",15.7,9.6,23,0,277,12,1017.1
"2024-02-04",15.9,12.8,20.8,11.2,45,8.9,1017.2
"2024-02-05",16.9,13.3,22.3,0.6,98,6.7,1016.7
"2024-02-06",15.5,11.5,21.1,0,308,8.7,1018.2
"2024-02-07",14.2,9.2,19.7,0,292,12.1,1018.9
"2024-02-08",14.3,9.7,20,0,277,16.8,1017.8
"2024-02-09",13.7,7.5,21,0,306,7.3,1019.2
"2024-02-10",13.7,7.4,21,0,353,7,1020.6
"2024-02-11",14.2,7.3,22.2,0,320,7,1020.1
"2024-02-12",15.8,8,23.5,0,34,6.8,1019.3
"2024-02-13",18.7,13.7,24.8,0,73,8.4,1017.6
"2024-02-14",18.2,15.2,23.5,4.9,41,6.1,1017.3
"2024-02-15",18.1,12.1,24.9,0,312,5.7,1018.4
"2024-02-16",17.7,11.4,25.1,0,293,7,1018.8
"2024-02-17",17.4,11.5,25.5,0,292,9.3,1015
"2024-02-18",18.3,10.3,26.5,0,191,6.2,1013.1
"2024-02-19",20.3,14.3,27.3,0,113,11.8,1012.2
"2024-02-20",20.7,13.6,27.9,0,353,9.2,1011
"2024-02-21",19.8,16.1,25,1.1,286,8.3,1009.7
"2024-02-22",17.9,13.2,24.5,0,328,10,1011.9
"2024-02-23",16.3,10.1,24.5,0,309,9.8,1014.9
"2024-02-24",17.1,9.8,25.2,0.6,33,9,1015.5
"2024-02-25",17.8,11.7,24.8,0,5,9.3,1017.2
"2024-02-26",18.2,12.2,24.3,0,353,7.2,1017.7
"2024-02-27",19.1,13.8,25.5,0,320,6.4,1016.4
"2024-02-28",18.7,13.2,25.6,0,297,12,1014.7
"2024-02-29",18.9,12.9,26,0,286,9.9,1014.6
"2024-03-01",20.4,11.7,28.5,0,291,6.5,1014.4
"2024-03-02",21,16.7,25.2,2,82,12.1,1013.3
"2024-03-03",19.4,17,23.1,12.2,101,12,1012.2
"2024-03-04",19.2,14.8,24.4,5.6,322,8.2,1014.2
"2024-03-05",17,11.6,23.5,0,313,12,1016
"2024-03-06",16.8,10.8,23.5,0,305,10.4,1014.9
"2024-03-07",17.6,10.1,25.2,0,290,10.4,1014.4
"2024-03-08",19.3,12.3,26.6,0,294,10.3,1014.6
"2024-03-09",18.7,11.4,26,0,294,10.6,1014.9
"2024-03-10",18.8,10.9,26.7,0,311,8.5,1015.3
"2024-03-11",21.3,15.1,29,0,21,6.9,1015.5
"2024-03-12",22.8,15.1,30.5,0,325,10.6,1013.1
"2024-03-13",23,15.1,30.8,0,321,8.9,1011.5
"2024-03-14",23.4,16.2,30.5,0,8,8.1,1012.3
"2024-03-15",22.5,15.9,29.6,0,320,10.1,1012.8
"2024-03-16",21.7,13.9,29.1,0,328,7.9,1014.7
"2024-03-17",21.4,12.8,29.5,0,316,8,1014.1
"2024-03-18",22,14.3,29.5,0,309,7.5,1012.8
"2024-03-19",21.6,14.3,29.4,0,296,7.6,1012.3
"2024-03-20",22.6,14.1,30,0,344,9.3,1013
"2024-03-21",21.6,15,28,0,76,9.9,1013.6
"2024-03-22",23.4,16.2,30,0,179,7.2,1010
"2024-03-23",25.4,16.6,34.7,0,275,11.2,1007.3
"2024-03-24",27.1,18.6,34.9,0,307,9.5,1009.4
"2024-03-25",26.2,19.1,33.5,0,326,10.2,1010.8
"2024-03-26",26.5,19.3,33,0,293,10.5,1011
"2024-03-27",27.4,19.5,35.9,0,275,9.4,1012
"2024-03-28",28.5,21.3,36.8,0,322,9,1009.2
"2024-03-29",28.9,22.7,36.6,0,66,8.6,1008.5
"2024-03-30",30.1,22.5,37.7,0,200,11.2,1009.2
"2024-03-31",29.4,22.5,37.3,0,255,14.5,1009.1
"2024-04-01",28.7,21.9,35.9,0,302,16.3,1006.9
"2024-04-02",27.5,20.1,34.7,0,300,13.8,1006.7
"2024-04-03",28.4,19.3,36.4,0,329,9.6,1007.5
"2024-04-04",29.8,21.3,37.1,0,319,9.5,1006.9
"2024-04-05",30.6,23,37.4,0,312,10.4,1006.5
"2024-04-06",29.3,22.9,36.3,0,312,10,1006.9
"2024-04-07",28.9,21.9,37.2,0,311,8.9,1007
"2024-04-08",28.8,19.4,37.2,0,302,10.3,1008.5
"2024-04-09",29.6,21.1,37.7,0,254,10.4,1009.3
"2024-04-10",29.9,22.9,38.5,0,260,13,1009.6
"2024-04-11",30,21.9,38,0,318,7.3,1010.1
"2024-04-12",30,22.4,38.3,0,261,10.1,1009.7
"2024-04-13",30,22.8,37.6,0,234,9.7,1009.7
"2024-04-14",29.9,23.5,36.6,0,266,6.5,1010.5
"2024-04-15",30.9,23.4,38.8,0,285,7.9,1010
"2024-04-16",31.8,23.9,38.7,0,282,13.9,1008
"2024-04-17",31.3,24.7,37.2,0,299,19.2,1006.7
"2024-04-18",32.6,25.2,39.5,0,290,17,1005.5
"2024-04-19",33.7,27.7,40.1,0,305,16.7,1003.7
"2024-04-20",32.8,26.2,39.6,0,284,16.5,1002.8
"2024-04-21",31.7,24.4,37.5,0,295,13.9,1004.3
"2024-04-22",32.3,25,38.7,0,285,11,1005.2
"2024-04-23",31.8,24.3,39.5,0,287,9.5,1004.8
"2024-04-24",31.8,24.2,39.5,0,302,12.9,1004.7
"2024-04-25",32.2,23.5,40.2,0,294,13.9,1004.7
"2024-04-26",33.8,23.8,41.1,0,286,13,1004.2
"2024-04-27",33.6,28.2,40.1,0,277,14.6,1005.2
"2024-04-28",33.6,26.3,40.8,0,294,13.2,1005
"2024-04-29",33.7,25.1,41.2,0,268,11.9,1004.9
"2024-04-30",33.3,27.5,39.5,0,299,17.6,1002.8
"2024-05-01",31.8,24.5,38.8,0,288,14.9,1001.2
"2024-05-02",29.8,22.5,36.6,0,300,14.8,1003.2
"2024-05-03",31.1,22,38.5,0,281,11.1,1004.5
"2024-05-04",33.2,25,41.6,0,281,11.2,1004.1
"2024-05-05",34.4,24.6,42.7,0,271,12.7,1000.2
"2024-05-06",34.8,26.3,41.9,0,352,11,1002
"2024-05-07",32.2,27.1,39.3,0,93,15.9,1005.4
"2024-05-08",30.9,25.4,36.8,0.4,95,17.1,1006.4
"2024-05-09",30.7,25.8,37.2,0,89,16.9,1005.5
"2024-05-10",31.6,26.7,37.7,0,81,14.1,1006.1
"2024-05-11",32.3,27.6,38.4,1.8,71,9.8,1007.2
"2024-05-12",31.8,25.9,37.6,0.6,48,8.7,1007.8
"2024-05-13",32.3,26.7,38.8,0,86,9.2,1007.5
"2024-05-14",33.7,26.5,41.2,0,135,9,1007.4
"2024-05-15",33.8,26.1,42,0,264,10.5,1007.5
"2024-05-16",34.2,26.3,42.2,0,287,8.3,1006.8
"2024-05-17",35.3,26.6,44.7,0,227,10.2,1003.3
"2024-05-18",36.8,31.2,44.1,0,229,13.5,1001
"2024-05-19",36.2,28.9,44.6,0,278,12.5,998.7
"2024-05-20",34.7,27.4,42.4,0,76,13.4,1000.1
"2024-05-21",34.7,28.8,41.4,0,83,13.3,1001.5
"2024-05-22",34.8,30,40.5,0,92,14.7,1002.2
"2024-05-23",33.4,28.3,39.4,0,84,16.2,1001.8
"2024-05-24",34.5,28.9,40.4,0,85,11.2,1000.2
"2024-05-25",36.4,31,41.6,0,67,8.3,998.6
"2024-05-26",38,31.3,44.9,0,76,11.3,996.5
"2024-05-27",37.7,30.9,45,0,115,9,994.6
"2024-05-28",38.2,30.5,47,0,87,13.5,992.1
"2024-05-29",38.5,30,47.1,0,226,11.6,994.2
"2024-05-30",39.6,34.2,46.1,0,270,13.4,996.3
"2024-05-31",39.1,32.3,46,0,255,11.1,998.3
"2024-06-01",37.9,31.5,45.8,0,83,10.6,999.2
"2024-06-02",36.8,32.8,42.6,0,34,13.1,1001.4
"2024-06-03",37.1,29.6,44.5,0,334,10.8,1000.4
"2024-06-04",37,28.9,45.2,0,319,12.5,1000.1
"2024-06-05",36.3,29.6,44.4,0,75,11.6,1001
"2024-06-06",36.2,30.2,43.7,0,15,9.5,1002.2
"2024-06-07",36.8,29.4,43.7,0,277,12.3,1000.4
"2024-06-08",37.6,32.1,43.3,0,307,12.9,999.2
"2024-06-09",37.5,31.3,43.5,0,297,11,999
"2024-06-10",37.8,31.1,43.7,0,286,10.9,999.4
"2024-06-11",38.7,33.3,44.6,0,284,15.1,998.8
"2024-06-12",38.9,32.2,44.6,0,281,13.8,998.8
"2024-06-13",39.4,32.8,45.4,0,276,18.1,997.6
"2024-06-14",39.6,33.6,45,0,282,19.3,996.8
"2024-06-15",39.6,33.7,45,0,284,14.5,997
"2024-06-16",39.5,33.9,45.7,0,277,16.1,997.6
"2024-06-17",40.4,34.9,45.3,0,277,18.8,997.5
"2024-06-18",39.8,35.6,45.2,0,268,21.9,996.1
"2024-06-19",37.8,31.8,44.2,0,261,20,995
"2024-06-20",36.6,29.2,42.8,0,237,13.3,996
"2024-06-21",34.7,28.9,39.5,0,20,9.5,998.6
"2024-06-22",32.9,28,39.6,0,136,7.9,998.8
"2024-06-23",32.1,27.5,36.3,8.2,80,7.7,999.2
"2024-06-24",32.4,27.1,37.8,13,104,8.5,998
"2024-06-25",32.5,27.7,38,24.7,103,11.9,997.1
"2024-06-26",31.6,28,36.2,2.3,107,12.3,998.3
"2024-06-27",31.1,27.2,36.5,3.9,96,16,1000.3
"2024-06-28",30.8,26.7,35.9,36,60,9.3,999.2
"2024-06-29",29.8,27.3,33.7,10.6,257,9.6,999
"2024-06-30",28.7,26.5,32.9,22.8,243,10.2,998.8
"2024-07-01",27.8,25.9,32.6,18.2,240,10.7,996.6
"2024-07-02",28.7,26.4,31.6,20.8,256,11.2,995.9
"2024-07-03",27.9,26.3,30.6,14,186,7.1,998.1
"2024-07-04",28.4,25.7,32,8.6,139,6.7,999.3
"2024-07-05",27.9,25.7,32.1,20.2,151,9.6,996.9
"2024-07-06",27.5,25.8,30.8,32.1,178,11,995.6
"2024-07-07",27.7,25.3,32,15.1,178,11.8,999.4
"2024-07-08",29.3,26.1,34,5.3,107,8.5,1001.5
"2024-07-09",30.3,27.2,34.1,9,107,6.1,1001.6
"2024-07-10",30.1,26.7,33.7,38.3,109,7.2,1002.1
"2024-07-11",29,26.7,33.6,14.8,252,10.3,999.2
"2024-07-12",29.8,27.8,33.8,1.9,241,12.2,996.7
"2024-07-13",29.3,25.5,33.2,1.2,307,6.6,997
"2024-07-14",29.9,26.5,35.5,5.5,44,7.9,996.8
"2024-07-15",30.3,26,35.7,32.2,85,14,998.6
"2024-07-16",31.8,28.8,35,0,94,15.5,999.3
"2024-07-17",30.8,28.1,35.7,3.5,90,12.1,999.8
"2024-07-18",30.4,27.6,36.5,13.9,76,7.9,998.7
"2024-07-19",30,26.8,34,8.2,100,8.5,997.3
"2024-07-20",31.1,26.6,36.6,10.6,72,9.7,997.9
"2024-07-21",31.6,28.5,35.6,0.4,82,12.9,997.9
"2024-07-22",30.8,28.1,35.6,6.4,68,10.3,998
"2024-07-23",29.7,26.8,35.6,12.3,84,9.7,997
"2024-07-24",29.4,26.7,33.8,4.7,64,7.3,994.1
"2024-07-25",29.1,26.2,33.2,32,23,7.1,993.1
"2024-07-26",29.1,26.3,33.6,26.9,79,6.7,994.6
"2024-07-27",30.2,26.9,34.4,13.1,65,7.8,996.1
"2024-07-28",31.3,28.2,34.5,0.7,80,16.6,996.1
"2024-07-29",31.6,28.6,36.2,0.4,99,12.6,996.6
"2024-07-30",30.8,27.1,34.6,13.9,118,9.4,998.6
"2024-07-31",29.3,26.7,32.9,13.9,72,7.1,999.8
"2024-08-01",29,26,33.6,13.2,111,6.4,999.1
"2024-08-02",28.8,25.7,32.7,9.3,114,7.1,997.5
"2024-08-03",28.4,26.2,31.9,2.9,49,14.3,998.8
"2024-08-04",28.3,25.9,31.7,2.8,90,27.7,998.6
"2024-08-05",29.4,26.7,33,0.3,186,13.6,1001.5
"2024-08-06",29.5,26.6,32.5,0,218,8.8,1000.9
"2024-08-07",28,25.8,31.6,9.1,188,5.7,1001.8
"2024-08-08",27.4,25.2,30.8,38.9,142,5.1,1002.5
"2024-08-09",26.9,25,29.2,13,277,7.3,1003.4
"2024-08-10",27.9,25.2,31.2,2.3,197,6.5,1002.8
"2024-08-11",27.4,25.1,30.3,2.2,208,6.9,1001.4
"2024-08-12",27.8,25.6,30.6,8.5,178,8.6,1002.1
"2024-08-13",28.8,25.8,33,4.6,172,7.4,1003
"2024-08-14",28.3,25.7,31.4,27.3,151,6.7,1003.6
"2024-08-15",28.2,25.7,32.7,17.7,168,8.2,1002.5
"2024-08-16",29,25.7,35.2,19.6,145,8.6,1002.1
"2024-08-17",29.1,26,34,9.6,258,6.3,1003.8
"2024-08-18",27.9,25.9,30.8,16.6,300,6,1004.6
"2024-08-19",28,25,33,26.9,284,6.5,1003.7
"2024-08-20",27.8,25.3,31.9,19.7,207,5.6,1003.8
"2024-08-21",27.4,25.1,30.6,19.7,97,5.5,1005.1
"2024-08-22",27.3,24.8,32.7,17.6,102,5.3,1004.3
"2024-08-23",28.3,25.6,33.5,2.6,81,5.5,1004.1
"2024-08-24",27.5,25.9,30.9,16.7,64,15.7,1002.4
"2024-08-25",28.2,25.1,32.3,4.5,107,17.2,1000.6
"2024-08-26",27.4,24.8,30.7,18.5,105,14.8,1001.3
"2024-08-27",27.1,24.7,31,19.4,111,8.6,1004.3
"2024-08-28",NA,NA,NA,0,NA,NA,NA
"2024-08-29",NA,NA,NA,0,NA,NA,NA
"2024-08-30",NA,NA,NA,0,NA,NA,NA
"2024-08-31",NA,NA,NA,0,NA,NA,NA
"2024-09-01",NA,NA,NA,0,NA,NA,NA
"2024-09-02",NA,NA,NA,0,NA,NA,NA
"2024-09-03",NA,NA,NA,0,NA,NA,NA
"2024-09-04",NA,NA,NA,0,NA,NA,NA
"2024-09-05",28.1,25.7,32,6.3,259,4.6,1001.8
"2024-09-06",27.9,25.4,32.6,17.5,102,6.8,1003.5
"2024-09-07",28.9,25.7,32.6,10.6,98,5.8,1003.5
"2024-09-08",29.4,25.4,34.7,6.8,264,4.4,1003.3
"2024-09-09",27.6,25.9,30.7,13.1,6,5.7,1001.6
"2024-09-10",28.5,25.9,34.2,13.1,40,10.2,1000.1
"2024-09-11",27.3,25.6,30.4,54.4,76,20.6,998.2
"2024-09-12",26.1,24.9,27.4,33.8,168,25.6,997.8
"2024-09-13",27.7,24.7,31.8,4.9,242,17.3,1001.6
"2024-09-14",27.2,23.3,31.4,0,283,12.7,1002.4
"2024-09-15",27.6,24,31.3,0.8,291,11.2,1002.7
"2024-09-16",28.4,25.4,31.9,0,312,10,1003.9
"2024-09-17",26.1,24.5,29.7,42.2,27,18,1004.2
"2024-09-18",26.8,24.5,30.8,46.3,99,21.9,1002.4
"2024-09-19",27.3,24.1,31.4,0,176,8.7,1004.7
"2024-09-20",27.7,23.7,31.6,0,266,5.5,1005.1
"2024-09-21",28.7,25.2,32.7,0,299,5.3,1005.9
"2024-09-22",29.1,25.1,33.4,0,288,6.5,1005
"2024-09-23",30.1,25.8,34.7,0,286,5.8,1004.3
"2024-09-24",30,26.1,34.2,0,69,6,1003.5
"2024-09-25",28.6,26.5,32.2,3.7,84,13.7,1004.2
"2024-09-26",27,25.5,30.4,5.8,71,16.4,1003.3
"2024-09-27",26.2,24.9,28.8,28.6,126,10,1002.7
"2024-09-28",26.6,24.8,30.4,6.9,151,9,1005.1
"2024-09-29",26.6,24.1,30.2,15.9,163,7.9,1007.7
"2024-09-30",27.8,24.4,31.6,1,277,8.5,1007.1
"2024-10-01",28.4,24.6,33,0,267,10.2,1005
"2024-10-02",28.8,24.7,33.9,0,269,9.7,1004.3
"2024-10-03",28.6,24.9,33.5,0,273,8.9,1004.2
"2024-10-04",28.1,23.6,33.4,0,259,7.2,1005.2
"2024-10-05",28.2,24.3,32.9,0,295,7.3,1007.2
"2024-10-06",27.5,24.5,31.9,1.4,83,6.1,1010.3
"2024-10-07",27,23.4,30.9,0,84,6.4,1012.1
"2024-10-08",27.3,23.3,30.9,0.9,75,5.1,1011.7
"2024-10-09",27.5,23.7,32.6,0,256,7.1,1009.3
"2024-10-10",26.6,22.3,31.6,0,282,7.6,1008.6
"2024-10-11",27.1,22.3,32.3,0,287,8.5,1008.8
"2024-10-12",27,23,31.8,1.3,269,10,1010.2
"2024-10-13",26.6,23.3,30.5,0,262,8,1011.2
"2024-10-14",25.7,22.9,29.2,0,251,6.7,1011.5
"2024-10-15",26.1,22,31.8,0,279,8.4,1010.5
"2024-10-16",25.5,19.6,31.6,0,253,6.7,1010.1
"2024-10-17",26.1,20.9,31.7,0,193,7.5,1010.1
"2024-10-18",26.2,21.3,32,0,230,8.3,1010
"2024-10-19",26.8,21.5,32.9,0,240,8.2,1010.6
"2024-10-20",27.4,21.8,33.3,0,210,7.4,1011.9
"2024-10-21",26.6,21.3,32.6,0,259,6.9,1012.1
"2024-10-22",26.5,21.8,32.4,0,304,6.5,1012.4
"2024-10-23",25.7,20.4,32.3,0,350,8.5,1011.3
"2024-10-24",26.3,21.2,32.1,0,13,7.5,1009.9
"2024-10-25",26.7,21.7,32.1,0,92,6.4,1010.2
"2024-10-26",26.4,21.7,31.6,0,158,7.2,1010.1
"2024-10-27",26.3,21.4,31,0,90,6.5,1009.1
